{"calls": {"T33": 14, "E35": 7, "E34": 3, "E36": 9, "D35": 3, "S36": 8, "R34": 6, "LR36": 1, "R33": 2}, "dur_sec": {"T33": 6092.690516000001, "E35": 10865.962827, "D35": 1058.134939, "E36": 9969.178635, "S36": 8404.322032, "R34": 4570.084483000001, "LR36": 2179.645997, "E34": 0, "R33": 2902.348878}, "after_0000": {"E35": 2, "R34": 1, "D35": 1, "E34": 1, "E36": 1}, "max_sec": {"T33": 1691, "E35": 5293, "D35": 809, "E36": 4879, "S36": 2462, "R34": 1488, "LR36": 2179, "R33": 2902}}