{"calls": {"R34": 13, "LR36": 2, "E36": 9, "S36": 9, "T33": 7, "R33": 6, "E35": 10, "E34": 3}, "dur_sec": {"R33": 6785.789539, "E35": 16872.644071, "LR36": 1289.651824, "R34": 5119.326894, "E36": 7508.755954, "T33": 5807.133320999999, "S36": 2424.711549, "E34": 890.614791}, "after_0000": {"E36": 2, "S36": 2, "R34": 4, "E35": 3, "T33": 1}, "max_sec": {"R33": 3228, "E35": 5937, "LR36": 967, "R34": 1934, "E36": 2824, "T33": 1613, "S36": 1091, "E34": 890}}