{"calls": {"E36": 6, "R34": 7, "E34": 6, "R33": 5, "E35": 8, "T33": 5, "S36": 4, "LR36": 1}, "dur_sec": {"E36": 10363.588442, "R34": 4801.096562, "E34": 5333.456332, "E35": 9157.813568, "S36": 5249.605619, "T33": 2425.372221, "R33": 2463.279291, "LR36": 0}, "after_0000": {"E35": 1}, "max_sec": {"E36": 3189, "R34": 2661, "E34": 2824, "E35": 4432, "S36": 2303, "T33": 2425, "R33": 1493}}