{"calls": {"S36": 12, "E36": 9, "E35": 4, "T33": 7, "R34": 8, "R33": 10, "LR36": 2, "E34": 1}, "dur_sec": {"S36": 11132.309694999998, "E36": 4313.697964999999, "R33": 17652.938918, "LR36": 1413.057208, "T33": 14889.335510999997, "R34": 3511.494062, "E35": 4646.092484, "E34": 0}, "after_0000": {"R33": 4, "E35": 1, "E36": 2, "S36": 2, "T33": 2, "R34": 1}, "max_sec": {"S36": 2581, "E36": 1169, "R33": 4038, "LR36": 1050, "T33": 4727, "R34": 1292, "E35": 2788}}