{"calls": {"E36": 10, "T33": 8, "D35": 2, "E35": 11, "S36": 5, "E34": 6, "R34": 10, "LR36": 1, "R33": 2}, "dur_sec": {"E35": 7502.519483, "E36": 10403.017237, "E34": 4738.014580999999, "S36": 3469.99725, "D35": 3187.308015, "T33": 8601.249617000001, "LR36": 326.047451, "R34": 2061.836093, "R33": 1293.016282}, "after_0000": {}, "max_sec": {"E35": 1656, "E36": 2416, "E34": 1981, "S36": 2223, "D35": 2861, "T33": 3668, "LR36": 326, "R34": 1414, "R33": 1293}}