{"calls": {"T33": 7, "E34": 6, "R33": 14, "E36": 10, "R34": 7, "E35": 10, "S36": 6, "LR36": 2}, "dur_sec": {"T33": 8392.239427999999, "E36": 9853.228262999999, "R34": 12872.112881, "R33": 10379.318379999999, "LR36": 682.806011, "S36": 5896.479638999999, "E35": 6702.372289, "E34": 8450.480603}, "after_0000": {"E35": 3, "R33": 2, "T33": 1}, "max_sec": {"T33": 4685, "E36": 5045, "R34": 4723, "R33": 1900, "LR36": 521, "S36": 2582, "E35": 2546, "E34": 4808}}