{"calls": {"S36": 7, "T33": 5, "D35": 2, "E36": 5, "E35": 11, "R33": 14, "LR36": 3, "E34": 9, "R34": 14}, "dur_sec": {"E34": 7428.5385400000005, "LR36": 7304.172094, "E35": 12552.953930000001, "R33": 11506.301640999998, "R34": 16744.002356, "S36": 10850.52161, "D35": 8553.873538, "T33": 8954.301654, "E36": 13435.269257}, "after_0000": {"T33": 1, "E34": 1, "R33": 2, "E36": 1, "R34": 3}, "max_sec": {"E34": 3348, "LR36": 3508, "E35": 3912, "R33": 4475, "R34": 4399, "S36": 7664, "D35": 8111, "T33": 8271, "E36": 8309}}