{"calls": {"E34": 5, "T33": 6, "R34": 7, "E35": 5, "S36": 10, "E36": 9, "R33": 10, "D35": 1}, "dur_sec": {"R34": 6289.895436000001, "E34": 4404.2892489999995, "S36": 6167.857028, "E36": 17662.778579, "T33": 6901.976651, "R33": 7539.736553, "E35": 3189.044902, "D35": 646.98662}, "after_0000": {"R33": 5, "E36": 3, "S36": 3, "E35": 1, "T33": 1, "R34": 1}, "max_sec": {"R34": 2018, "E34": 1454, "S36": 4356, "E36": 3630, "T33": 3712, "R33": 2255, "E35": 2263, "D35": 646}}