{"calls": {"R34": 11, "S36": 7, "D35": 3, "E36": 6, "E35": 10, "R33": 11, "LR36": 4, "E34": 7, "T33": 3}, "dur_sec": {"R34": 14199.162237999999, "E35": 7835.544454, "R33": 9932.542365, "S36": 2505.644343, "LR36": 5206.163087, "D35": 5891.801957, "E36": 5090.879491, "E34": 5650.44917, "T33": 3920.907633}, "after_0000": {"E35": 2, "R33": 2, "R34": 3, "S36": 1}, "max_sec": {"R34": 3270, "E35": 3189, "R33": 2099, "S36": 1456, "LR36": 1820, "D35": 2664, "E36": 2017, "E34": 2220, "T33": 3515}}