{"calls": {"R33": 13, "R34": 11, "T33": 10, "S36": 7, "E35": 9, "E34": 2, "LR36": 2, "E36": 3, "D35": 1}, "dur_sec": {"R33": 18700.593918, "T33": 13004.228912999999, "E35": 10623.529707000002, "E34": 365.88717799999995, "S36": 4886.021649, "R34": 13732.321273, "E36": 242.352018, "LR36": 4325.686559000001, "D35": 121.147668}, "after_0000": {"R34": 3, "E34": 1, "E35": 1, "LR36": 1, "R33": 1}, "max_sec": {"R33": 4849, "T33": 4363, "E35": 4157, "E34": 203, "S36": 2136, "R34": 4123, "E36": 242, "LR36": 4165, "D35": 121}}