{"calls": {"E36": 4, "T33": 6, "R33": 10, "E35": 6, "E34": 5, "R34": 8, "S36": 3}, "dur_sec": {"E36": 8749.838462, "R33": 7986.483414, "E35": 7623.695204, "R34": 8434.235674000001, "S36": 887.2916299999999, "T33": 3592.626623, "E34": 6295.192885999999}, "after_0000": {"R34": 1, "R33": 3, "E36": 1}, "max_sec": {"E36": 4883, "R33": 2707, "E35": 3791, "R34": 4725, "S36": 523, "T33": 2824, "E34": 4156}}