{"calls": {"R34": 7, "E35": 5, "E34": 1, "R33": 4, "E36": 3, "T33": 3, "D35": 1, "S36": 2}, "dur_sec": {"E35": 3345.470261, "R34": 4633.128388, "R33": 3435.2522959999997, "E36": 2020.7356639999998, "T33": 1406.426796, "E34": 0, "D35": 198.11819, "S36": 198.11819}, "after_0000": {"S36": 1, "T33": 1, "R34": 2, "E36": 1}, "max_sec": {"E35": 1936, "R34": 1614, "R33": 1814, "E36": 1255, "T33": 1208, "D35": 198, "S36": 198}}