{"calls": {"R34": 10, "E34": 7, "S36": 6, "R33": 5, "E36": 6, "D35": 2, "T33": 1, "E35": 4, "LR36": 1}, "dur_sec": {"R34": 8198.99322, "E34": 4642.718605, "R33": 7132.686902, "E36": 6090.255824, "S36": 6535.901688, "D35": 2014.490843, "LR36": 925.767917, "E35": 4362.893988, "T33": 1130.708436}, "after_0000": {"R34": 1, "E35": 1}, "max_sec": {"R34": 3113, "E34": 1774, "R33": 3707, "E36": 2744, "S36": 3189, "D35": 1088, "LR36": 925, "E35": 2097, "T33": 1130}}