{"calls": {"R34": 10, "E35": 5, "E36": 4, "S36": 4, "R33": 5, "T33": 1, "D35": 2, "E34": 3}, "dur_sec": {"E35": 4519.502187, "E36": 3030.326831, "S36": 1495.362276, "R33": 4880.743111, "D35": 1007.44993, "E34": 1813.58834, "R34": 7214.798116999999, "T33": 0}, "after_0000": {"R34": 3, "E35": 1, "R33": 3}, "max_sec": {"E35": 1775, "E36": 1455, "S36": 1130, "R33": 2139, "D35": 685, "E34": 1612, "R34": 1894}}