{"calls": {"E36": 8, "S36": 7, "R33": 7, "R34": 7, "E35": 9, "E34": 1, "T33": 3, "LR36": 1}, "dur_sec": {"E36": 6177.098285, "R34": 7234.418186, "R33": 16688.935369, "E35": 6212.486719, "LR36": 2137.611899, "S36": 9736.73437, "T33": 524.862458, "E34": 0}, "after_0000": {"E35": 3, "S36": 1, "E36": 1}, "max_sec": {"E36": 2982, "R34": 3074, "R33": 3995, "E35": 3348, "LR36": 2137, "S36": 3478, "T33": 524}}