{"calls": {"E36": 10, "S36": 10, "R33": 13, "R34": 8, "T33": 3, "E35": 7, "E34": 3, "LR36": 2}, "dur_sec": {"E36": 5649.394121, "R33": 4968.772198000001, "S36": 11611.987747000001, "R34": 6254.008417999999, "T33": 2057.772366, "E35": 8877.4757, "E34": 4037.638803, "LR36": 1492.3371900000002}, "after_0000": {"LR36": 2, "E36": 2, "S36": 3, "E35": 2, "R33": 1, "R34": 1}, "max_sec": {"E36": 2097, "R33": 1578, "S36": 2498, "R34": 2018, "T33": 1816, "E34": 2501, "E35": 4808, "LR36": 847}}