{"calls": {"E36": 7, "S36": 11, "R34": 11, "E34": 7, "R33": 13, "E35": 10, "D35": 4, "T33": 11, "LR36": 3}, "dur_sec": {"S36": 11554.882733999999, "E34": 9286.247657, "R34": 15136.505618, "E35": 13205.83989, "LR36": 2788.542394, "R33": 17842.889296, "D35": 7019.487394, "T33": 7997.317147000001, "E36": 3958.145355}, "after_0000": {"E34": 1, "R33": 4, "T33": 2, "S36": 2, "E36": 2, "E35": 1}, "max_sec": {"S36": 3149, "E34": 3108, "R34": 3954, "E35": 2543, "LR36": 1577, "R33": 4889, "D35": 2706, "T33": 3509, "E36": 1859}}