{"calls": {"R33": 11, "E36": 13, "D35": 3, "E34": 8, "E35": 7, "S36": 12, "R34": 9, "LR36": 1, "T33": 8}, "dur_sec": {"S36": 15694.601937000001, "R33": 22554.248393, "E36": 11473.117909, "D35": 3634.301046, "E35": 7249.432576, "T33": 8031.370099, "LR36": 1209.319964, "E34": 7345.183225999999, "R34": 10170.186677999998}, "after_0000": {"S36": 5, "E34": 3, "R33": 2, "T33": 2, "E36": 3, "R34": 2, "D35": 1}, "max_sec": {"S36": 4596, "R33": 9564, "E36": 4082, "D35": 2461, "E35": 5536, "T33": 5043, "LR36": 1209, "E34": 3632, "R34": 1977}}