{"calls": {"R33": 17, "T33": 16, "R34": 15, "E34": 13, "S36": 13, "D35": 4, "LR36": 4, "E35": 14, "E36": 10}, "dur_sec": {"E36": 5690.321055, "R33": 22657.823257, "T33": 16939.773128, "E34": 17668.197306000002, "S36": 6738.363364, "LR36": 2984.484011, "D35": 2252.44267, "R34": 20630.162458, "E35": 12327.472917}, "after_0000": {"R34": 3, "E34": 2, "E35": 1, "S36": 1}, "max_sec": {"E36": 1776, "R33": 5938, "T33": 4658, "E34": 4738, "S36": 2182, "LR36": 1499, "D35": 767, "R34": 5584, "E35": 2708}}