{"calls": {"R33": 11, "S36": 8, "E35": 7, "T33": 5, "R34": 5, "E36": 6, "E34": 3, "LR36": 1}, "dur_sec": {"R33": 9200.590347, "E35": 5577.199902, "T33": 4359.023996, "S36": 8510.486615, "R34": 4235.675466, "E36": 7987.066256, "E34": 12205.132252, "LR36": 884.832367}, "after_0000": {"T33": 1, "R33": 3, "R34": 1, "E35": 3}, "max_sec": {"R33": 1855, "E35": 1614, "T33": 1893, "S36": 3792, "R34": 1610, "E36": 3830, "E34": 8684, "LR36": 884}}