{"calls": {"S36": 5, "E35": 5, "LR36": 3, "R33": 8, "E36": 4, "E34": 8, "T33": 3, "R34": 9, "E33": 1}, "dur_sec": {"LR36": 4643.191408, "E35": 5534.162039000001, "E36": 2415.071253, "E34": 7253.894686000001, "E33": 44.962419, "S36": 7028.646069, "R33": 9330.164497, "T33": 5286.54028, "R34": 10596.834977999999}, "after_0000": {"R34": 3, "E34": 1, "S36": 1, "R33": 1}, "max_sec": {"LR36": 2177, "E35": 3314, "E36": 1651, "E34": 1894, "E33": 44, "S36": 3468, "R33": 3391, "T33": 3470, "R34": 4110}}