{"calls": {"E35": 9, "R34": 9, "E34": 9, "S36": 9, "R33": 9, "T33": 6, "E36": 7, "LR36": 2, "D35": 2}, "dur_sec": {"R34": 7628.229175, "S36": 5698.87163, "E34": 6422.737690000001, "T33": 4187.709651, "E36": 11048.779966999999, "E35": 7030.064292999999, "R33": 4082.810313, "D35": 1005.780846, "LR36": 848.465455}, "after_0000": {"E34": 1, "S36": 1, "R33": 1}, "max_sec": {"R34": 1533, "S36": 2588, "E34": 1409, "T33": 2255, "E36": 3311, "E35": 4327, "R33": 1738, "D35": 685, "LR36": 848}}