{"calls": {"R33": 10, "LR36": 7, "T33": 8, "E35": 9, "R34": 5, "E36": 4, "S36": 4, "E34": 3, "D35": 2}, "dur_sec": {"R33": 8950.436535, "LR36": 8837.594029, "T33": 8566.763109, "R34": 2985.351926, "E36": 6295.38331, "S36": 7429.773475, "E35": 3553.9192599999997, "E34": 7509.982269, "D35": 3963.130647}, "after_0000": {"E36": 1, "R34": 2, "E34": 1, "LR36": 1, "R33": 2, "E35": 2, "T33": 1}, "max_sec": {"R33": 3261, "LR36": 2826, "T33": 3716, "R34": 1820, "E36": 2218, "S36": 2218, "E35": 1534, "E34": 3515, "D35": 3515}}