{"calls": {"S36": 14, "R34": 9, "E36": 10, "R33": 8, "T33": 6, "E34": 4, "LR36": 3, "E35": 8, "D35": 2}, "dur_sec": {"S36": 11057.814582, "R34": 9932.184374999999, "E34": 4522.087443, "R33": 15826.513057, "LR36": 4273.877705999999, "E35": 15992.592849999999, "E36": 12434.748869000001, "T33": 8393.331702, "D35": 1057.974463}, "after_0000": {"R33": 1, "R34": 2, "E36": 3, "S36": 2}, "max_sec": {"S36": 2461, "R34": 2060, "E34": 3959, "R33": 5008, "LR36": 1937, "E35": 5203, "E36": 5213, "T33": 2502, "D35": 810}}