{"calls": {"R33": 9, "E36": 5, "S36": 6, "R34": 10, "E34": 4, "E35": 10, "T33": 7, "LR36": 1}, "dur_sec": {"E36": 10184.15367, "S36": 7793.3987290000005, "E34": 1646.249124, "E35": 5904.343582, "T33": 8328.774645, "R34": 4235.725498, "R33": 11068.207543999999, "LR36": 6989.826399}, "after_0000": {"E35": 2, "R34": 5, "R33": 2, "E36": 1, "E34": 1}, "max_sec": {"E36": 6955, "S36": 4972, "E34": 848, "E35": 1815, "T33": 3478, "R34": 2300, "R33": 6950, "LR36": 6989}}