{"calls": {"R34": 15, "R33": 7, "E36": 7, "E35": 7, "S36": 8, "T33": 7, "E34": 6, "LR36": 1, "D35": 1}, "dur_sec": {"E36": 7343.929236, "R34": 15021.278415, "S36": 7905.368979000001, "T33": 11226.706285, "E34": 7719.089427, "LR36": 806.298997, "R33": 10012.810729, "E35": 2583.837464, "D35": 363.832071}, "after_0000": {"E34": 2, "R33": 1, "T33": 2, "R34": 2, "E35": 1, "E36": 1}, "max_sec": {"E36": 1976, "R34": 2502, "S36": 2218, "T33": 5453, "E34": 2866, "LR36": 806, "R33": 3916, "E35": 1294, "D35": 363}}