{"calls": {"R34": 2, "E34": 14, "R33": 10, "T33": 8, "S36": 5, "E36": 4, "LR36": 1, "E35": 7}, "dur_sec": {"R34": 2866.684026, "S36": 6134.927446, "T33": 5978.7196349999995, "E34": 13032.584125, "R33": 14333.32563, "E36": 1295.619756, "E35": 5377.0447619999995, "LR36": 4321.175921}, "after_0000": {"R33": 2, "E34": 4, "T33": 1}, "max_sec": {"R34": 1896, "S36": 4156, "T33": 3146, "E34": 1936, "R33": 4441, "E36": 1295, "E35": 2100, "LR36": 4321}}