{"calls": {"E35": 9, "E34": 5, "R33": 5, "E36": 5, "T33": 4, "D35": 2, "R34": 3, "S36": 3, "LR36": 1}, "dur_sec": {"E35": 5861.964597, "E34": 9161.255361, "E36": 3646.291749, "R33": 5046.187919, "D35": 3514.135672, "T33": 1370.732518, "R34": 5087.946055, "S36": 3705.3702999999996, "LR36": 2220.39669}, "after_0000": {"E35": 2, "S36": 1, "D35": 1, "E34": 1, "R34": 1, "LR36": 1, "E36": 1}, "max_sec": {"E35": 2782, "E34": 3110, "E36": 2017, "R33": 3228, "D35": 1777, "S36": 2382, "R34": 2587, "T33": 1370, "LR36": 2220}}