{"calls": {"E34": 6, "R33": 9, "T33": 7, "LR36": 3, "R34": 8, "E35": 9, "E36": 5, "S36": 6, "D35": 1}, "dur_sec": {"LR36": 9927.899713, "E35": 14831.221025999997, "R34": 13237.390643, "T33": 9531.94688, "E36": 11311.586547, "S36": 9249.180224, "R33": 13976.485657000001, "E34": 10255.670929, "D35": 5819.771843}, "after_0000": {"S36": 1, "R34": 3, "E34": 1, "LR36": 1, "E35": 2, "R33": 1}, "max_sec": {"LR36": 5696, "E35": 4765, "R34": 5647, "T33": 6825, "E36": 7193, "S36": 3396, "R33": 5776, "E34": 4676, "D35": 5819}}