{"calls": {"R34": 2, "E35": 3, "E34": 4, "E36": 2, "R33": 3, "S36": 2, "T33": 4, "LR36": 2, "D35": 2}, "dur_sec": {"E35": 6011.426341, "E34": 2906.300462, "T33": 322.750127, "LR36": 1247.005447, "E36": 5291.0919890000005, "R33": 2905.6301270000004, "R34": 4042.282397, "D35": 1574.724712, "S36": 1094.636656}, "after_0000": {}, "max_sec": {"E35": 2740, "E34": 1333, "T33": 244, "LR36": 725, "E36": 4482, "R33": 2017, "R34": 4042, "D35": 931, "S36": 1094}}