{"calls": {"S36": 9, "T33": 7, "R34": 9, "E35": 13, "E36": 6, "R33": 9, "E34": 5, "LR36": 2, "D35": 4}, "dur_sec": {"S36": 8922.378737, "T33": 3588.3952630000003, "E36": 8432.083005, "E35": 7185.589395999999, "LR36": 1047.861029, "R34": 5853.737659999999, "E34": 5976.071344, "R33": 8196.336492, "D35": 1655.13108}, "after_0000": {"R34": 1, "E35": 2, "E36": 3, "D35": 1, "S36": 3, "R33": 1}, "max_sec": {"S36": 3181, "T33": 2458, "E36": 4108, "E35": 2060, "LR36": 766, "R34": 1739, "E34": 3191, "R33": 2019, "D35": 806}}