{"calls": {"R33": 3, "E35": 3, "R34": 3, "E34": 3, "E36": 2, "T33": 1, "S36": 1}, "dur_sec": {"E35": 2456.676601, "R34": 6884.714641, "E34": 1334.192579, "R33": 1856.080877, "T33": 565.168494, "E36": 565.168494, "S36": 647.390752}, "after_0000": {}, "max_sec": {"E35": 2134, "R34": 4719, "E34": 1254, "R33": 1290, "T33": 565, "E36": 565, "S36": 647}}