{"calls": {"R33": 10, "T33": 5, "E35": 5, "S36": 9, "R34": 6, "E34": 5, "E36": 5, "D35": 2, "LR36": 2}, "dur_sec": {"R33": 8999.428525, "E35": 4642.40953, "S36": 6385.622809, "R34": 5848.865442, "T33": 1289.190781, "E36": 4608.344034, "D35": 972.8649819999999, "E34": 769.3327750000001, "LR36": 2985.308181}, "after_0000": {"R33": 1, "T33": 1, "E36": 1, "S36": 1}, "max_sec": {"R33": 1570, "E35": 1295, "S36": 1656, "R34": 3190, "T33": 764, "E36": 2264, "D35": 607, "E34": 404, "LR36": 2581}}