{"calls": {"R33": 17, "R34": 12, "LR36": 1, "T33": 4, "S36": 3, "E36": 3, "E35": 5, "E34": 4}, "dur_sec": {"R33": 12884.1359, "R34": 11695.773756999999, "LR36": 400.711512, "S36": 4596.984117, "T33": 280.832801, "E35": 4718.753786, "E34": 2139.069824, "E36": 2626.6352}, "after_0000": {"E35": 2, "R34": 1}, "max_sec": {"R33": 1817, "R34": 1939, "LR36": 400, "S36": 2662, "T33": 162, "E35": 2176, "E34": 1251, "E36": 2626}}