{"calls": {"E36": 7, "E35": 9, "R33": 9, "R34": 6, "E34": 7, "D35": 1, "S36": 6, "T33": 2}, "dur_sec": {"R33": 11060.470347000002, "R34": 6622.690213, "E34": 7868.598462, "D35": 403.204322, "S36": 3802.166536, "E36": 5740.700986, "E35": 12271.789219999999, "T33": 3309.364337}, "after_0000": {"R33": 1, "E35": 1, "R34": 1}, "max_sec": {"R33": 6098, "R34": 1937, "E34": 1858, "D35": 403, "S36": 1739, "E36": 3195, "E35": 4798, "T33": 1980}}