{"calls": {"R33": 12, "E34": 6, "T33": 9, "D35": 5, "E36": 8, "S36": 9, "LR36": 2, "E35": 6, "R34": 3}, "dur_sec": {"R33": 20785.862869000004, "T33": 5643.409786, "E34": 7348.565156, "D35": 5085.008255999999, "LR36": 3228.880091, "S36": 7865.252413999999, "E35": 5448.020973000001, "R34": 3268.377364, "E36": 2986.7333129999997}, "after_0000": {"R33": 2, "E36": 3, "T33": 4, "S36": 3, "E35": 2, "D35": 2, "E34": 2, "LR36": 1, "R34": 1}, "max_sec": {"R33": 4034, "T33": 2220, "E34": 2866, "D35": 1776, "LR36": 2099, "S36": 3793, "E35": 2506, "R34": 3226, "E36": 1290}}