{"calls": {"E35": 9, "E34": 8, "R34": 13, "R33": 9, "E36": 5, "LR36": 2, "S36": 3, "T33": 2, "D35": 1}, "dur_sec": {"E34": 2946.6184879999996, "R34": 15287.898947000001, "R33": 8476.818079, "LR36": 647.353331, "E36": 4925.259559, "D35": 405.116214, "S36": 6708.25045, "T33": 648.163625, "E35": 6329.200237}, "after_0000": {"R34": 4, "E35": 2, "R33": 1}, "max_sec": {"E34": 1534, "R34": 3107, "R33": 2095, "LR36": 405, "E36": 3108, "D35": 405, "S36": 4927, "T33": 648, "E35": 3227}}