{"calls": {"E35": 8, "R34": 13, "E34": 8, "R33": 10, "E36": 8, "S36": 7, "D35": 3, "LR36": 4, "T33": 5}, "dur_sec": {"E35": 12524.656995000001, "E34": 5651.475383, "R33": 14694.287231999999, "E36": 13556.705759999999, "R34": 9442.979061, "D35": 2092.128758, "LR36": 3351.376284, "T33": 6306.377368, "S36": 6496.149494}, "after_0000": {"R34": 3, "S36": 1, "R33": 1}, "max_sec": {"E35": 3595, "E34": 2056, "R33": 4926, "E36": 5366, "R34": 3268, "D35": 1166, "LR36": 1049, "T33": 2992, "S36": 2259}}