{"calls": {"R33": 9, "E35": 9, "R34": 10, "D35": 3, "E34": 10, "S36": 8, "E36": 7, "T33": 7, "LR36": 4}, "dur_sec": {"R34": 10459.526627000001, "D35": 3594.66411, "R33": 7480.471865999999, "E34": 7947.548616, "S36": 8520.859149, "T33": 7626.891555, "E35": 11872.949453000001, "E36": 4767.3949, "LR36": 6096.333996}, "after_0000": {"R34": 3, "LR36": 2, "E34": 4, "E35": 3, "R33": 2, "S36": 3, "E36": 2, "T33": 1, "D35": 1}, "max_sec": {"R34": 5295, "D35": 1653, "R33": 2629, "E34": 3878, "S36": 2019, "T33": 2419, "E35": 3632, "E36": 1935, "LR36": 2504}}