{"calls": {"R33": 8, "S36": 7, "T33": 6, "E34": 2, "R34": 7, "E36": 7, "E35": 6, "D35": 1, "LR36": 1}, "dur_sec": {"R33": 16717.024768, "S36": 12926.264197999999, "T33": 6862.0352, "E34": 2014.5762089999998, "R34": 4558.512221, "E35": 3068.510151, "D35": 3800.575038, "LR36": 767.758971, "E36": 5768.289848}, "after_0000": {"R34": 2, "E35": 2, "E34": 1}, "max_sec": {"R33": 5211, "S36": 8041, "T33": 1816, "E34": 1248, "R34": 1493, "E35": 1170, "D35": 3800, "LR36": 767, "E36": 2018}}