{"calls": {"E36": 7, "T33": 4, "E35": 8, "S36": 8, "R34": 8, "E34": 5, "R33": 9, "D35": 1, "LR36": 1}, "dur_sec": {"E36": 6584.887617, "E35": 6618.810205, "R34": 8064.738133, "E34": 3471.60746, "R33": 9570.243646, "T33": 3389.3887050000003, "S36": 11148.221689, "D35": 685.261811, "LR36": 1376.316118}, "after_0000": {"R33": 2, "R34": 3, "E35": 1}, "max_sec": {"E36": 1898, "E35": 2423, "R34": 2300, "E34": 1252, "R33": 2302, "T33": 2823, "S36": 2463, "D35": 685, "LR36": 1376}}