{"calls": {"E36": 14, "E35": 10, "S36": 10, "R33": 9, "D35": 2, "T33": 6, "LR36": 4, "E34": 6, "R34": 6}, "dur_sec": {"R33": 13037.032062999999, "S36": 11150.602488, "D35": 1171.974358, "E36": 9373.186562, "T33": 15708.612704, "LR36": 8641.826502, "E34": 4685.7267759999995, "E35": 3671.6690630000003, "R34": 6538.949562999999}, "after_0000": {"E35": 2, "R34": 2, "E36": 1, "S36": 1}, "max_sec": {"R33": 3596, "S36": 3152, "D35": 646, "E36": 2177, "T33": 8241, "LR36": 6498, "E34": 1617, "E35": 1735, "R34": 1815}}