{"calls": {"R33": 9, "R34": 14, "E34": 9, "LR36": 3, "E36": 7, "S36": 7, "D35": 2, "E35": 7, "T33": 2}, "dur_sec": {"R34": 10855.609455, "D35": 644.9898880000001, "E36": 9198.169479, "LR36": 2824.2359479999996, "R33": 8318.313232, "E34": 2347.815501, "S36": 5453.238737, "E35": 10573.678027000002, "T33": 5009.213558}, "after_0000": {"R34": 1, "E35": 1}, "max_sec": {"R34": 2179, "D35": 442, "E36": 5686, "LR36": 1575, "R33": 2021, "E34": 1210, "S36": 2018, "E35": 6251, "T33": 3672}}