{"calls": {"E35": 5, "S36": 7, "R34": 10, "E36": 5, "E34": 4, "R33": 6, "T33": 3, "LR36": 1}, "dur_sec": {"E35": 3311.685789, "E36": 10936.592886, "S36": 9087.508326000001, "E34": 1775.397513, "R33": 2501.725845, "R34": 13769.338339000002, "LR36": 528.088395, "T33": 2378.230877}, "after_0000": {"E35": 2, "E36": 1, "R34": 1, "R33": 1, "E34": 1}, "max_sec": {"E35": 1171, "E36": 6452, "S36": 4282, "E34": 1696, "R33": 1166, "R34": 5328, "LR36": 528, "T33": 1211}}