{"calls": {"E36": 10, "E35": 7, "T33": 5, "R34": 13, "S36": 10, "E34": 9, "LR36": 3, "R33": 7}, "dur_sec": {"T33": 6094.9110089999995, "E36": 6590.474410000001, "R34": 15297.940575, "E35": 3867.4844869999997, "LR36": 2303.684265, "E34": 2343.683881, "S36": 5859.448101, "R33": 5197.909656}, "after_0000": {"E36": 1, "R33": 2, "S36": 1}, "max_sec": {"T33": 2584, "E36": 2706, "R34": 4404, "E35": 1571, "LR36": 1092, "E34": 1573, "S36": 2665, "R33": 1454}}