{"calls": {"R34": 10, "E34": 7, "R33": 4, "E36": 7, "S36": 6, "LR36": 2, "T33": 4, "E35": 5, "D35": 1}, "dur_sec": {"R34": 9815.930519, "E34": 10419.483482, "LR36": 3310.6741469999997, "S36": 7020.866102, "R33": 9616.835600999999, "E36": 4443.960628, "T33": 8478.149566, "E35": 10738.056116, "D35": 3312.238174}, "after_0000": {"E35": 1, "R34": 1, "E34": 1, "T33": 1, "S36": 1}, "max_sec": {"R34": 2424, "E34": 4761, "LR36": 2867, "S36": 3188, "R33": 7431, "E36": 2624, "T33": 6662, "E35": 6460, "D35": 3312}}