{"calls": {"S36": 8, "T33": 5, "D35": 3, "E36": 9, "E34": 3, "R33": 7, "LR36": 2, "R34": 8, "E35": 9}, "dur_sec": {"R33": 9049.600011, "LR36": 1650.3810640000002, "E34": 1458.004973, "S36": 4598.699140000001, "E36": 9570.053774, "D35": 2742.755368, "T33": 3265.1442100000004, "R34": 4564.517441, "E35": 9206.603537}, "after_0000": {"S36": 1, "R33": 1, "E35": 4, "R34": 1, "E36": 1}, "max_sec": {"R33": 3157, "LR36": 1291, "E34": 1458, "S36": 1618, "E36": 1860, "D35": 1898, "T33": 1937, "R34": 1896, "E35": 2543}}