{"calls": {"R33": 8, "E34": 4, "S36": 9, "T33": 3, "E36": 7, "R34": 5, "E35": 4, "D35": 1, "LR36": 1}, "dur_sec": {"E34": 3998.6893800000003, "R33": 3715.925946, "S36": 9530.082597, "E36": 8316.746195000002, "T33": 2590.525686, "R34": 5893.824969, "D35": 122.462454, "E35": 0, "LR36": 887.231906}, "after_0000": {"R33": 1, "E35": 1, "S36": 1, "E36": 1, "LR36": 1}, "max_sec": {"E34": 2059, "R33": 1495, "S36": 5776, "E36": 1978, "T33": 2142, "R34": 3553, "D35": 122, "LR36": 887}}