{"calls": {"R34": 10, "E34": 11, "LR36": 4, "R33": 11, "S36": 8, "T33": 8, "D35": 1, "E35": 9, "E36": 4}, "dur_sec": {"E34": 14892.188794000002, "LR36": 5086.008121999999, "S36": 13765.964304000001, "T33": 5281.322614, "R33": 17640.681855000003, "R34": 7023.802241000001, "E35": 6780.379156999999, "D35": 2826.872358, "E36": 7271.095477}, "after_0000": {"S36": 1, "E35": 3, "R33": 2}, "max_sec": {"E34": 2058, "LR36": 2503, "S36": 5483, "T33": 2787, "R33": 3558, "R34": 2140, "E35": 2259, "D35": 2826, "E36": 3718}}