{"calls": {"S36": 8, "E36": 6, "R34": 10, "E34": 8, "E35": 5, "D35": 1, "R33": 7, "LR36": 2, "T33": 2}, "dur_sec": {"E36": 4320.716845, "S36": 11133.770740000002, "D35": 606.796758, "E34": 7383.581890999999, "R33": 2870.476563, "R34": 13722.051177999998, "LR36": 3469.805977, "E35": 5487.070518, "T33": 1052.175488}, "after_0000": {"E34": 2, "E35": 2, "R34": 2, "R33": 1}, "max_sec": {"E36": 3475, "S36": 4715, "D35": 606, "E34": 3633, "R33": 1450, "R34": 4678, "LR36": 3187, "E35": 3950, "T33": 1052}}