{"calls": {"E34": 6, "R34": 2, "E35": 5, "R33": 2, "S36": 1}, "dur_sec": {"R33": 2219.311122, "S36": 1775.841422, "E34": 0, "E35": 0, "R34": 0}, "after_0000": {"E34": 6, "E35": 5, "R33": 2, "S36": 1, "R34": 1}, "max_sec": {"R33": 1212, "S36": 1775}}