{"calls": {"S36": 7, "E36": 7, "E35": 3, "E34": 5, "R33": 8, "R34": 6, "LR36": 3, "T33": 3}, "dur_sec": {"S36": 10056.264776, "E36": 6660.639474, "E35": 4077.430118, "R33": 9159.916150000001, "R34": 8154.434479, "E34": 5973.182967000001, "LR36": 4314.1202379999995, "T33": 5690.207488}, "after_0000": {"E36": 1, "R33": 2, "R34": 1}, "max_sec": {"S36": 3958, "E36": 2096, "E35": 2260, "R33": 3230, "R34": 4319, "E34": 4558, "LR36": 2097, "T33": 4155}}