{"calls": {"E36": 5, "S36": 6, "R33": 16, "R34": 8, "T33": 8, "E35": 9, "D35": 3, "E34": 4, "LR36": 3}, "dur_sec": {"R33": 18405.104310000002, "S36": 7784.0876530000005, "E36": 10338.032621999999, "R34": 13087.099812000002, "T33": 3235.923427, "D35": 1496.9829809999999, "E35": 4202.688208, "E34": 7505.531218, "LR36": 2419.540464}, "after_0000": {"R33": 2, "E35": 3, "D35": 2}, "max_sec": {"R33": 5079, "S36": 2296, "E36": 5287, "R34": 6139, "T33": 2140, "D35": 930, "E35": 2105, "E34": 4844, "LR36": 1615}}