{"calls": {"R33": 9, "T33": 4, "E35": 9, "S36": 8, "E36": 6, "R34": 7, "E34": 7, "LR36": 1}, "dur_sec": {"T33": 3149.2055769999997, "R33": 10138.495467, "R34": 11741.317281, "S36": 4685.227573, "E34": 10490.425820999999, "E35": 16468.039965000004, "LR36": 527.049843, "E36": 5575.023433999999}, "after_0000": {"E35": 3, "R34": 1, "E34": 1, "S36": 1}, "max_sec": {"T33": 2014, "R33": 2947, "R34": 5329, "S36": 1453, "E34": 3593, "E35": 6740, "LR36": 527, "E36": 2748}}