{"calls": {"T33": 5, "R34": 6, "R33": 13, "E35": 6, "LR36": 3, "S36": 8, "D35": 1, "E36": 5}, "dur_sec": {"R34": 5935.7100310000005, "T33": 2545.657225, "R33": 22294.831481999998, "LR36": 2264.213164, "S36": 5244.011801000001, "E36": 3716.5208009999997, "E35": 2818.80652, "D35": 0}, "after_0000": {"E35": 2, "R34": 1, "R33": 1}, "max_sec": {"R34": 2867, "T33": 1979, "R33": 4724, "LR36": 1050, "S36": 2261, "E36": 2177, "E35": 2818}}