{"calls": {"R34": 7, "E34": 6, "LR36": 3, "E36": 6, "S36": 5, "T33": 4, "E35": 5, "D35": 4, "R33": 3}, "dur_sec": {"E35": 8550.673007, "LR36": 9126.003193, "E34": 10243.593628, "E36": 11215.644970000001, "S36": 9119.261976, "R34": 11251.236398, "T33": 1658.940556, "D35": 8505.883398, "R33": 4437.472025}, "after_0000": {"E36": 2, "R34": 1, "R33": 1, "S36": 1, "D35": 2}, "max_sec": {"E35": 4958, "LR36": 7143, "E34": 5205, "E36": 8231, "S36": 6418, "R34": 5045, "T33": 1658, "D35": 7060, "R33": 4437}}