{"calls": {"R33": 14, "T33": 9, "S36": 8, "LR36": 4, "E36": 10, "D35": 1, "E35": 6, "R34": 8, "E34": 4}, "dur_sec": {"S36": 8642.771305999999, "R33": 12152.412047, "T33": 10530.232303, "E36": 10502.115921, "D35": 364.343676, "LR36": 7868.762151000001, "R34": 6539.101759000001, "E34": 4032.653058, "E35": 2826.362247}, "after_0000": {"R33": 1, "E36": 2, "E35": 1, "R34": 1, "E34": 1, "S36": 1}, "max_sec": {"S36": 2020, "R33": 3511, "T33": 5523, "E36": 2345, "D35": 364, "LR36": 4763, "R34": 1616, "E34": 2941, "E35": 1975}}