{"calls": {"R33": 13, "T33": 8, "R34": 16, "S36": 12, "E36": 10, "LR36": 2, "E34": 6, "E35": 17}, "dur_sec": {"R33": 16398.298842, "T33": 5166.711036, "S36": 16570.159841999997, "LR36": 1657.846444, "R34": 5533.001737, "E35": 5197.238106, "E36": 6548.109739, "E34": 5181.55644}, "after_0000": {}, "max_sec": {"R33": 3797, "T33": 1573, "S36": 4120, "LR36": 971, "R34": 2867, "E35": 1613, "E36": 2827, "E34": 1860}}